author,year,paper_title,doi,country,state_region,lat,lon,ecosystem,lake_area,system_type,predator_latin,predator_common,base_latin,base_common,dN_top,dN_base,tp_base,fcl,tef,lake_id,ecosystem_key,TP
"Fry, B.",1991,Stable Isotope Diagrams of Freshwater Food Webs,10.2307/1941580,USA,Alaska,68.632907,-149.605497,Toolik Lake,2.18,Lake,Salvelinus namaycush,Lake trout,Copepoda,Copepod,10.2,7,2,2.94,3.4,toolik lake,tooliklake,6
"Kling, G. W.",1994,The Use of Stable Isotopes in Fresh Waters,10.1021/ba-1994-0237.ch004,USA,Alaska,68.633333,-149.6,N2,0.26,Lake,Cottus cognatus,Slimy sculpin,Lymnaea elodes,Marsh pondsnail,8.8,1.5,2,4.15,3.4,n2,n2,NA
"Hobson, K.A. et al.",1995,Cannibalism and trophic structure in a high Arctic lake: insights from stable-isotope analysis,10.1139/f95-116,Canada,Nunavut,74.705674,-94.89838,Char Lake,1.72,Lake,Salvelinus alpinus,Arctic char,Limnocalanus,Limnocalanus,13.7,4.1,2,4.82,3.4,char lake,charlake,NA
"Kidd, K. A. et al.",1998,Bioaccumulation of organochlorines through a remote freshwater food web in the Canadian Arctic,10.1016/S0269-7491(98)00068-2,Canada,Keewatin,63.093752,-92.800636,Peter Lake,4.19,Lake,Salvelinus namaycush,Lake trout,Diura bicaudata,Medium stonefly,11.65,4.52,2,4.1,3.4,peter lake,peterlake,3
"Hesslein, R. H. et al.",1991,"Stable Isotopes of Sulfur, Carbon, and Nitrogen as Indicators of Trophic Level and Fish Migration in the Lower Mackenzie River Basin, Canada",10.1139/f91-265,Canada,NA,NA,NA,Lake 18,2.45,Lake,Coregonus clupeaformis,Lake whitefish,Amphipoda,Amphipods,12.68,6.62,2,3.78,3.4,lake 18,lake18,22
"Hesslein, R. H. et al.",1991,"Stable Isotopes of Sulfur, Carbon, and Nitrogen as Indicators of Trophic Level and Fish Migration in the Lower Mackenzie River Basin, Canada",10.1139/f91-265,Canada,Inuvik,67.70015,-131.783403,Travaillant Lake,4.06,Lake,Salvelinus namaycush,Lake trout,Amphipoda,Amphipods,13.9,4.9,2,4.65,3.4,travaillant lake,travaillantlake,10
"Campbell, L. M. et al.",2000,"Organochlorine transfer in the food web of subalpine Bow Lake, Banff National Park",10.1139/cjfas-57-6-1258,Canada,Alberta,51.671316,-116.459495,Bow Lake,2.45,Lake,Prosopium williamsoni,Mountain whitefish,Ephemeroptera,Mayfly (nymphs),6.7,1.72,2,3.47,3.4,bow lake,bowlake,4.6
"Kidd, K. A. et al.",1998,Effects of trophic position and lipid on organochlorine concentrations in fishes from subarctic lakes in Yukon Territory,10.1139/f97-307,Canada,Yukon,60.33371,-136.366743,Kusawa Lake,NA,Lake,Salvelinus namaycush,Lake trout,Mullusca,Mollusk,9.98,1.41,2,4.52,3.4,kusawa lake,kusawalake,3.6
"Kidd, K. A. et al.",1998,Effects of trophic position and lipid on organochlorine concentrations in fishes from subarctic lakes in Yukon Territory,10.1139/f97-307,Canada,Yukon,61.233333,-135.466667,Fox Lake,NA,Lake,Lota lota,Burbot,Mullusca,Mollusk,8.87,1.64,2,4.13,3.4,fox lake,foxlake,7.4
"Kidd, K. A. et al.",1998,Effects of trophic position and lipid on organochlorine concentrations in fishes from subarctic lakes in Yukon Territory,10.1139/f97-307,Canada,Yukon,61.183333,-135.2,Laberge Lake,4.3,Lake,Salvelinus namaycush,Lake trout,Mullusca,Mollusk,12.26,2.06,2,5,3.4,laberge lake,labergelake,5.1
"Gu, B. H. et al.",1997,Stable isotopes as indicators of carbon flows and trophic structure of the benthic food web in a subarctic lake,NA,NA,NA,NA,NA,Smith Lake,1.86,Lake,Erpobdella Montezuma,Segmented worm,NA,NA,8.5,3.42,2,3.49,3.4,smith lake,smithlake,NA
"Kucklick, J. R. et al.",1996,Organochlorine dynamics in the pelagic food web of lake baikal,10.1002/etc.5620150819,Russia,Siberia,53.562892,108.125651,Lake Baikal,6.5,Lake,Comephorus baikalensis,Big baikal oilfish,Copepoda,Copepod,13.4,6.8,2,3.94,3.4,lake baikal,lakebaikal,NA
"Stewart, A. R. et al.",2003,Assessing Trends in Organochlorine Concentrations in Lake Winnipeg Fish Following the 1997 Red River Flood,10.1016/S0380-1330(03)70438-9,Canada,Manitoba,52.863278,-97.962384,Lake Winnepeg,6.38,Lake,Stizostedion canadense,Sauger,Ephemeroptera,Mayfly,17.5,12.71,2,3.41,3.4,lake winnepeg,lakewinnepeg,117
"Beaudoin, C. P. et al.",1999,Individual specialization and trophic adaptability of northern pike (Esox lucius): an isotope and dietary analysis,10.1007/s004420050871,Canada,Alberta,55.133333,-111.75,LLB20,1.79,Lake,Esox lucius,Northern pike,Amphipoda,Amphipods,12.85,6.1,2,3.99,3.4,llb20,llb20,47
"Beaudoin, C. P. et al.",1999,Individual specialization and trophic adaptability of northern pike (Esox lucius): an isotope and dietary analysis,10.1007/s004420050871,Canada,Alberta,55.416667,-113.7,SPH200,1.75,Lake,Esox lucius,Northern pike,Amphipoda,Amphipods,11.64,5.54,2,3.79,3.4,sph200,sph200,40
"Beaudoin, C. P. et al.",1999,Individual specialization and trophic adaptability of northern pike (Esox lucius): an isotope and dietary analysis,10.1007/s004420050871,Canada,Alberta,55.383333,-113.633333,SPH20,2.41,Lake,Esox lucius,Northern pike,Amphipoda,Amphipods,17.11,7.33,2,4.88,3.4,sph20,sph20,NA
"Toetz, D.",1992,Use of Mass Spectroscopy to Investigate the Diet of Brook Trout (Salvelinus fontinalis) in an Alpine Lake,10.1080/02705060.1992.9664693,USA,Colorado,40.051704,-105.6157,Green Lake 3 (GL3),0.88,Lake,Salvelinus fontinalis,Brook trout,Invertebrate drift,Invertebrate drift,10.4,4.85,2,3.63,3.4,green lake 3 (gl3),greenlake3(gl3),NA
"Garcia, E. et al.",2000,"Mercury concentrations in northern pike ( Esox lucius) from boreal lakes with logged, burned, or undisturbed catchments",10.1139/cjfas-57-S2-129,Canada,Haute-Mauricie,NA,NA,FP15,1.7,Lake,Esox lucius,Northern pike,Amphipoda,Amphipods,NA,NA,NA,3,3.4,fp15,fp15,NA
"Garcia, E. et al.",2000,"Mercury concentrations in northern pike ( Esox lucius) from boreal lakes with logged, burned, or undisturbed catchments",10.1139/cjfas-57-S2-129,Canada,Haute-Mauricie,NA,NA,N88,1.78,Lake,Esox lucius,Northern pike,Amphipoda,Amphipods,NA,NA,NA,3.33,3.4,n88,n88,NA
"Garcia, E. et al.",2000,"Mercury concentrations in northern pike ( Esox lucius) from boreal lakes with logged, burned, or undisturbed catchments",10.1139/cjfas-57-S2-129,Canada,Haute-Mauricie,NA,NA,FP30,1.48,Lake,Esox lucius,Northern pike,Amphipoda,Amphipods,NA,NA,NA,3.58,3.4,fp30,fp30,NA
"Garcia, E. et al.",2000,"Mercury concentrations in northern pike ( Esox lucius) from boreal lakes with logged, burned, or undisturbed catchments",10.1139/cjfas-57-S2-129,Canada,Haute-Mauricie,NA,NA,FBP9,1.78,Lake,Esox lucius,Northern pike,Amphipoda,Amphipods,NA,NA,NA,3.71,3.4,fbp9,fbp9,NA
"Garcia, E. et al.",2000,"Mercury concentrations in northern pike ( Esox lucius) from boreal lakes with logged, burned, or undisturbed catchments",10.1139/cjfas-57-S2-129,Canada,Haute-Mauricie,NA,NA,FBP10,1.6,Lake,Esox lucius,Northern pike,Amphipoda,Amphipods,NA,NA,NA,3.73,3.4,fbp10,fbp10,NA
"Garcia, E. et al.",2000,"Mercury concentrations in northern pike ( Esox lucius) from boreal lakes with logged, burned, or undisturbed catchments",10.1139/cjfas-57-S2-129,Canada,Haute-Mauricie,NA,NA,N63,1.78,Lake,Esox lucius,Northern pike,Amphipoda,Amphipods,NA,NA,NA,3.73,3.4,n63,n63,NA
"Garcia, E. et al.",2000,"Mercury concentrations in northern pike ( Esox lucius) from boreal lakes with logged, burned, or undisturbed catchments",10.1139/cjfas-57-S2-129,Canada,Haute-Mauricie,NA,NA,FP32,1.3,Lake,Esox lucius,Northern pike,Amphipoda,Amphipods,NA,NA,NA,3.77,3.4,fp32,fp32,NA
"Garcia, E. et al.",2000,"Mercury concentrations in northern pike ( Esox lucius) from boreal lakes with logged, burned, or undisturbed catchments",10.1139/cjfas-57-S2-129,Canada,Haute-Mauricie,NA,NA,N107,1.7,Lake,Esox lucius,Northern pike,Amphipoda,Amphipods,NA,NA,NA,3.86,3.4,n107,n107,NA
"Garcia, E. et al.",2000,"Mercury concentrations in northern pike ( Esox lucius) from boreal lakes with logged, burned, or undisturbed catchments",10.1139/cjfas-57-S2-129,Canada,Haute-Mauricie,NA,NA,N89,1.85,Lake,Esox lucius,Northern pike,Amphipoda,Amphipods,NA,NA,NA,4.09,3.4,n89,n89,NA
"Garcia, E. et al.",2000,"Mercury concentrations in northern pike ( Esox lucius) from boreal lakes with logged, burned, or undisturbed catchments",10.1139/cjfas-57-S2-129,Canada,Haute-Mauricie,NA,NA,N56,1.48,Lake,Esox lucius,Northern pike,Amphipoda,Amphipods,NA,NA,NA,4.14,3.4,n56,n56,NA
"Garcia, E. et al.",2000,"Mercury concentrations in northern pike ( Esox lucius) from boreal lakes with logged, burned, or undisturbed catchments",10.1139/cjfas-57-S2-129,Canada,Haute-Mauricie,NA,NA,C9,1.85,Lake,Esox lucius,Northern pike,Amphipoda,Amphipods,NA,NA,NA,4.22,3.4,c9,c9,NA
"Garcia, E. et al.",2000,"Mercury concentrations in northern pike ( Esox lucius) from boreal lakes with logged, burned, or undisturbed catchments",10.1139/cjfas-57-S2-129,Canada,Haute-Mauricie,NA,NA,FP2,1.6,Lake,Esox lucius,Northern pike,Amphipoda,Amphipods,NA,NA,NA,4.24,3.4,fp2,fp2,NA
"Garcia, E. et al.",2000,"Mercury concentrations in northern pike ( Esox lucius) from boreal lakes with logged, burned, or undisturbed catchments",10.1139/cjfas-57-S2-129,Canada,Haute-Mauricie,NA,NA,C24,1.3,Lake,Esox lucius,Northern pike,Amphipoda,Amphipods,NA,NA,NA,4.29,3.4,c24,c24,NA
"Garcia, E. et al.",2000,"Mercury concentrations in northern pike ( Esox lucius) from boreal lakes with logged, burned, or undisturbed catchments",10.1139/cjfas-57-S2-129,Canada,Haute-Mauricie,NA,NA,N55,1.48,Lake,Esox lucius,Northern pike,Amphipoda,Amphipods,NA,NA,NA,4.29,3.4,n55,n55,NA
"Garcia, E. et al.",2000,"Mercury concentrations in northern pike ( Esox lucius) from boreal lakes with logged, burned, or undisturbed catchments",10.1139/cjfas-57-S2-129,Canada,Haute-Mauricie,NA,NA,N122,1.3,Lake,Esox lucius,Northern pike,Amphipoda,Amphipods,NA,NA,NA,4.29,3.4,n122,n122,NA
"Garcia, E. et al.",2000,"Mercury concentrations in northern pike ( Esox lucius) from boreal lakes with logged, burned, or undisturbed catchments",10.1139/cjfas-57-S2-129,Canada,Haute-Mauricie,NA,NA,N43,1.48,Lake,Esox lucius,Northern pike,Amphipoda,Amphipods,NA,NA,NA,4.31,3.4,n43,n43,NA
"Garcia, E. et al.",2000,"Mercury concentrations in northern pike ( Esox lucius) from boreal lakes with logged, burned, or undisturbed catchments",10.1139/cjfas-57-S2-129,Canada,Haute-Mauricie,NA,NA,C40,1.48,Lake,Esox lucius,Northern pike,Amphipoda,Amphipods,NA,NA,NA,4.41,3.4,c40,c40,NA
"Garcia, E. et al.",2000,"Mercury concentrations in northern pike ( Esox lucius) from boreal lakes with logged, burned, or undisturbed catchments",10.1139/cjfas-57-S2-129,Canada,Haute-Mauricie,NA,NA,C2,1.6,Lake,Esox lucius,Northern pike,Amphipoda,Amphipods,NA,NA,NA,4.42,3.4,c2,c2,NA
"Garcia, E. et al.",2000,"Mercury concentrations in northern pike ( Esox lucius) from boreal lakes with logged, burned, or undisturbed catchments",10.1139/cjfas-57-S2-129,Canada,Haute-Mauricie,NA,NA,FP24,1.3,Lake,Esox lucius,Northern pike,Amphipoda,Amphipods,NA,NA,NA,4.56,3.4,fp24,fp24,NA
"Johnson, B. M. et al.",2002,Tracking Trophic Interactions in Coldwater Reservoirs Using Naturally Occurring Stable Isotopes,10.1577/1548-8659(2002)131<0001:TTIICR>2.0.CO;2,USA,Colorado,38.472888,-107.207729,Blue Mesa Resevoir,1.73,Lake,Salvenlinus namaycush,Lake trout,Daphnia pulicaria,Daphnia,13.35,7.39,2,3.75,3.4,blue mesa resevoir,bluemesaresevoir,NA
"Paszkowski, C. A. et al.",2004,Trophic Relations of the Red-Necked Grebe on Lakes in the Western Boreal Forest: A Stable-Isotope Analysis,10.1093/condor/106.3.638,Canada,Alberta,54.654405,-113.638739,Armstrong Lake,2.34,Lake,Esox lucius,Northern pike,Trichoptera,Caddisfly,13.2,3.37,2,4.89,3.4,armstrong lake,armstronglake,43
"Gorski, P. R. et al.",2003,"Factors affecting enhanced mercury bioaccumulation in inland lakes of Isle Royale National Park, USA",10.1016/S0048-9697(02)00579-X,USA,Michigan,48.090938,-88.663756,Sargent Lake,2.16,Lake,Esox lucius,Northern pike,Ephemeroptera,Mayfly,10.3,3.7,2,3.94,3.4,sargent lake,sargentlake,NA
"Gorski, P. R. et al.",2003,"Factors affecting enhanced mercury bioaccumulation in inland lakes of Isle Royale National Park, USA",10.1016/S0048-9697(02)00579-X,USA,Michigan,48.041989,-88.69918,Richie Lake,2.33,Lake,Esox lucius,Northern pike,Zooplankton,Zooplankton,10,3.1,2,4.03,3.4,richie lake,richielake,NA
"Kidd, K. A. et al.",1999,"Effects of northern pike (Esox lucius) additions on pollutant accumulation and food web structure, as determined by ?13 C and ?15 N , in a eutrophic and an oligotrophic lake",10.1139/cjfas-56-11-2193,Canada,Ontario,NA,NA,110,0.72,Lake,Esox lucius,Northern pike,Benthic Invertebrates,Benthic Invertebrates,10.23,3.55,2,3.96,3.4,110,110,NA
"Kidd, K. A. et al.",1999,"Effects of northern pike (Esox lucius) additions on pollutant accumulation and food web structure, as determined by ?13 C and ?15 N , in a eutrophic and an oligotrophic lake",10.1139/cjfas-56-11-2193,Canada,Ontario,NA,NA,227,0.7,Lake,Esox lucius,Northern pike,Benthic Invertebrates,Benthic Invertebrates,9.94,3.24,2,3.97,3.4,227,227,NA
"Yoshioka, T. et al.",1994,A Stable Isotope Study on Seasonal Food Web Dynamics in a Eutrophic Lake,10.2307/1941739,Japan,Chubu,36.04928,138.085001,Lake Suwa,3.12,Lake,Hypomesus transpacificus f. nipponensis,Wakasagi,Zooplankton,Zooplankton,13.3,9.53,2,3.11,3.4,lake suwa,lakesuwa,110
"Vander Zanden, M. J. et al.",1999,Patterns of Food Chain Length in Lakes: A Stable Isotope Study,10.1086/303250,Canada,Ontario,45.23645,-78.565293,MacDonald Lake,2.14,Lake,Ambloplites rupestris,Rock bass,NA,NA,NA,NA,NA,3.46,3.4,macdonald lake,macdonaldlake,4.8
"Vander Zanden, M. J. et al.",1999,Patterns of Food Chain Length in Lakes: A Stable Isotope Study,10.1086/303250,Canada,Ontario,45.747562,-78.509559,Happy Isle,2.73,Lake,Micropterus dolomieu,Smallmouth bass,NA,NA,NA,NA,NA,4,3.4,happy isle,happyisle,4.71
"Vander Zanden, M. J. et al.",1999,Patterns of Food Chain Length in Lakes: A Stable Isotope Study,10.1086/303250,Canada,Ontario,45.149204,-79.090401,Dickie Lake,2.32,Lake,Salvelinus namaycush,Lake trout,NA,NA,NA,NA,NA,3.51,3.4,dickie lake,dickielake,NA
"Vander Zanden, M. J. et al.",1999,Patterns of Food Chain Length in Lakes: A Stable Isotope Study,10.1086/303250,Canada,Ontario,45.559924,-78.652357,Source Lake,2.43,Lake,Salvelinus namaycush,Lake trout,NA,NA,NA,NA,NA,3.72,3.4,source lake,sourcelake,5
"Vander Zanden, M. J. et al.",1999,Patterns of Food Chain Length in Lakes: A Stable Isotope Study,10.1086/303250,Canada,Ontario,45.620779,-78.023025,Victoria Lake,2.95,Lake,Lota lota,Burbot,NA,NA,NA,NA,NA,4.22,3.4,victoria lake,victorialake,6.59
"Vander Zanden, M. J. et al.",1999,Patterns of Food Chain Length in Lakes: A Stable Isotope Study,10.1086/303250,Canada,Ontario,45.516137,-79.264294,Clear Lake,2.21,Lake,Ambloplites rupestris,Rock bass,NA,NA,NA,NA,NA,4.07,3.4,clear lake,clearlake,4.3
"Vander Zanden, M. J. et al.",1999,Patterns of Food Chain Length in Lakes: A Stable Isotope Study,10.1086/303250,Canada,Ontario,45.516137,-79.264294,Clear Lake,2.21,Lake,Ambloplites rupestris,Rock bass,NA,NA,NA,NA,NA,4.07,3.4,clear lake,clearlake,6.6
"Vander Zanden, M. J. et al.",1999,Patterns of Food Chain Length in Lakes: A Stable Isotope Study,10.1086/303250,Canada,Ontario,45.699993,-78.394653,Opeongo Lake,3.71,Lake,Salvelinus namaycush,Lake trout,NA,NA,NA,NA,NA,4.15,3.4,opeongo lake,opeongolake,8
"Vander Zanden, M. J. et al.",1999,Patterns of Food Chain Length in Lakes: A Stable Isotope Study,10.1086/303250,Canada,Ontario,45.025745,-78.70619,Twelve Mile Lake,2.53,Lake,Salvelinus namaycush,Lake trout,NA,NA,NA,NA,NA,4.31,3.4,twelve mile lake,twelvemilelake,6.67
"Vander Zanden, M. J. et al.",1999,Patterns of Food Chain Length in Lakes: A Stable Isotope Study,10.1086/303250,Canada,Ontario,45.516617,-78.682392,Smoke Lake,2.78,Lake,Salvelinus namaycush,Lake trout,NA,NA,NA,NA,NA,4.37,3.4,smoke lake,smokelake,5
"Vander Zanden, M. J. et al.",1999,Patterns of Food Chain Length in Lakes: A Stable Isotope Study,10.1086/303250,Canada,Ontario,45.178767,-79.605918,Rosseau Lake,3.8,Lake,Salvelinus namaycush,Lake trout,NA,NA,NA,NA,NA,4.46,3.4,rosseau lake,rosseaulake,5.375
"Vander Zanden, M. J. et al.",1999,Patterns of Food Chain Length in Lakes: A Stable Isotope Study,10.1086/303250,Canada,Ontario,45.05607,-72.271663,Lake Memphremagog,4.18,Lake,Salvelinus namaycush,Lake trout,NA,NA,NA,NA,NA,4.55,3.4,lake memphremagog,lakememphremagog,NA
"Vander Zanden, M. J. et al.",1999,Patterns of Food Chain Length in Lakes: A Stable Isotope Study,10.1086/303250,Canada,Ontario,46.929746,-80.06194,Temagami Lake,4.36,Lake,Salvelinus namaycush,Lake trout,NA,NA,NA,NA,NA,4.6,3.4,temagami lake,temagamilake,2
"Vander Zanden, M. J. et al.",1999,Patterns of Food Chain Length in Lakes: A Stable Isotope Study,10.1086/303250,Canada,Ontario,45.030786,-79.447069,Muskoka Lake,4.09,Lake,Salvelinus namaycush,Lake trout,NA,NA,NA,NA,NA,4.64,3.4,muskoka lake,muskokalake,7.07
"Vander Zanden, M. J. et al.",1999,Patterns of Food Chain Length in Lakes: A Stable Isotope Study,10.1086/303250,Canada,Ontario,45.464187,-78.502124,Louisa Lake,2.69,Lake,Salvelinus namaycush,Lake trout,NA,NA,NA,NA,NA,4.86,3.4,louisa lake,louisalake,3.4
"Chandra, S.",NA,NA,NA,NA,NA,NA,NA,Pyramid Lake,4.69,Lake,Oncorhynchus clarki henshawi,Lahontan cutthroat trout,NA,NA,12.67,7.33,2,3.57,3.4,pyramid lake,pyramidlake,NA
"Post, D. M.",2000,Food-chain length and food web links: testing and expanding food-chain theory.,NA,USA,Colorado,40.313272,-105.648327,Bear Lake,1.68,Lake,Micropterus salmoides,Largemouth bass,NA,NA,12.56,6.15,2,3.89,3.4,bear lake,bearlake,28.2
"Post, D. M.",2000,Food-chain length and food web links: testing and expanding food-chain theory.,NA,USA,Colorado,40.265435,-105.641501,Black Lake,3.49,Lake,Sander vitreus,Walleye,NA,NA,11.85,5.19,2,3.96,3.4,black lake,blacklake,64.9
"Post, D. M.",2000,Food-chain length and food web links: testing and expanding food-chain theory.,NA,USA,Colorado,39.885706,-107.139552,Bull Lake,1.08,Lake,Micropterus salmoides,Largemouth bass,NA,NA,10.62,5.12,2,3.62,3.4,bull lake,bulllake,10.2
"Post, D. M.",2000,Food-chain length and food web links: testing and expanding food-chain theory.,NA,USA,New York,42.690144,-76.701246,Cayuga Lake,4.24,Lake,Salvelinus namaycush,Lake trout,NA,NA,20.62,11.96,2,4.55,3.4,cayuga lake,cayugalake,16.9
"Post, D. M.",2000,Food-chain length and food web links: testing and expanding food-chain theory.,NA,USA,Vermont,44.5598,-73.341469,Lake Champlain,5.05,Lake,Salvelinus namaycush,Lake trout,NA,NA,18.86,9.15,2,4.85,3.4,lake champlain,lakechamplain,12.1
"Post, D. M.",2000,Food-chain length and food web links: testing and expanding food-chain theory.,NA,USA,New York,42.215883,-79.45208,Chautauqua Lake,3.73,Lake,Micropterus salmoides,Largemouth bass,NA,NA,16.1,9.41,2,3.97,3.4,chautauqua lake,chautauqualake,12.2
"Post, D. M.",2000,Food-chain length and food web links: testing and expanding food-chain theory.,NA,NA,NA,NA,NA,Clear Lake,1.81,Lake,Micropterus salmoides,Largemouth bass,NA,NA,12.44,5.92,2,3.92,3.4,clear lake,clearlake,4.3
"Post, D. M.",2000,Food-chain length and food web links: testing and expanding food-chain theory.,NA,NA,NA,NA,NA,Clear Lake,1.81,Lake,Micropterus salmoides,Largemouth bass,NA,NA,12.44,5.92,2,3.92,3.4,clear lake,clearlake,6.6
"Post, D. M.",2000,Food-chain length and food web links: testing and expanding food-chain theory.,NA,USA,New York,43.126747,-76.477971,Cross Lake,2.9,Lake,Micropterus salmoides,Largemouth bass,NA,NA,18.14,11.08,2,4.08,3.4,cross lake,crosslake,25.4
"Post, D. M.",2000,Food-chain length and food web links: testing and expanding food-chain theory.,NA,USA,New York,42.250793,-78.292199,Cuba Lake,2.26,Lake,Micropterus salmoides,Largemouth bass,NA,NA,16.4,11.83,2,3.35,3.4,cuba lake,cubalake,15.1
"Post, D. M.",2000,Food-chain length and food web links: testing and expanding food-chain theory.,NA,Canada/USA,NA,42.154553,-81.344483,Lake Erie,6.41,Lake,Salvelinus namaycush,Lake trout,NA,NA,17.34,9.22,2,4.39,3.4,lake erie,lakeerie,5.5
"Post, D. M.",2000,Food-chain length and food web links: testing and expanding food-chain theory.,NA,USA,New York,42.754163,-77.512551,Honeoye Lake,2.85,Lake,Micropterus salmoides,Largemouth bass,NA,NA,14.74,7.05,2,4.26,3.4,honeoye lake,honeoyelake,36.6
"Post, D. M.",2000,Food-chain length and food web links: testing and expanding food-chain theory.,NA,NA,NA,NA,NA,Hyde Lake,1.86,Lake,Esox lucius,Northern pike,NA,NA,12.11,5.38,2,3.98,3.4,hyde lake,hydelake,12.2
"Post, D. M.",2000,Food-chain length and food web links: testing and expanding food-chain theory.,NA,USA,Wisconsin,42.964527,-89.255937,Lake Kegonsa,3.11,Lake,Micropterus salmoides,Largemouth bass,NA,NA,16.73,9.81,2,4.04,3.4,lake kegonsa,lakekegonsa,89
"Post, D. M.",2000,Food-chain length and food web links: testing and expanding food-chain theory.,NA,USA,New York,42.493196,-77.142865,Keuka Lake,3.67,Lake,Salvelinus namaycush,Lake trout,NA,NA,17.6,9.64,2,4.34,3.4,keuka lake,keukalake,2.6
"Post, D. M.",2000,Food-chain length and food web links: testing and expanding food-chain theory.,NA,USA,New York,43.307787,-76.436109,Neatahwanta Lake,2.44,Lake,Micropterus salmoides,Largemouth bass,NA,NA,13.68,7.59,2,3.79,3.4,neatahwanta lake,neatahwantalake,230
"Post, D. M.",2000,Food-chain length and food web links: testing and expanding food-chain theory.,NA,Canada,Ontario,43.633707,-77.854633,Lake Ontario,6.27,Lake,Salvelinus namaycush,Lake trout,NA,NA,18.37,8.09,2,5.02,3.4,lake ontario,lakeontario,9
"Post, D. M.",2000,Food-chain length and food web links: testing and expanding food-chain theory.,NA,USA,New York,42.828963,-76.512718,Owasco Lake,3.44,Lake,Salvelinus namaycush,Lake trout,NA,NA,18.07,10.78,2,4.14,3.4,owasco lake,owascolake,6.6
"Post, D. M.",2000,Food-chain length and food web links: testing and expanding food-chain theory.,NA,USA,New York,43.841594,-74.641383,Raquette Lake,3.3,Lake,Salvelinus namaycush,Lake trout,NA,NA,12.28,5.29,2,4.05,3.4,raquette lake,raquettelake,5.7
"Post, D. M.",2000,Food-chain length and food web links: testing and expanding food-chain theory.,NA,NA,NA,NA,NA,Round Pond,0.85,Lake,Micropterus salmoides,Largemouth bass,NA,NA,11.88,6,2,3.73,3.4,round pond,roundpond,18.5
"Post, D. M.",2000,Food-chain length and food web links: testing and expanding food-chain theory.,NA,NA,NA,NA,NA,Silver Lake,2.53,Lake,Micropterus salmoides,Largemouth bass,NA,NA,18.09,11.41,2,3.97,3.4,silver lake,silverlake,23.5
"Post, D. M.",2000,Food-chain length and food web links: testing and expanding food-chain theory.,NA,NA,NA,NA,NA,Spencer Lake,1.41,Lake,Micropterus salmoides,Largemouth bass,NA,NA,14.66,8.63,2,3.77,3.4,spencer lake,spencerlake,7.5
"Post, D. M.",2000,Food-chain length and food web links: testing and expanding food-chain theory.,NA,USA,New York,41.846936,-73.753801,Upton Lake,1.28,Lake,Micropterus salmoides,Largemouth bass,NA,NA,13.4,8.32,2,3.49,3.4,upton lake,uptonlake,9.4
"Post, D. M.",2000,Food-chain length and food web links: testing and expanding food-chain theory.,NA,USA,New York,43.20423,-75.921385,Oneida Lake,4.32,Lake,Sander vitreus,Walleye,NA,NA,15.9,8.26,2,4.25,3.4,oneida lake,oneidalake,26.8
"Stapleton, H. M. et al.",2001,Accumulation of Atmospheric and Sedimentary PCBs and Toxaphene in a Lake Michigan Food Web,10.1021/es0019225,USA,Michigan,43.999869,-87.018901,Lake Michigan,6.35,Lake,Lota lota,Burbot,Amphipoda,Amphipopds,16.37,9.22,2,4.1,3.4,lake michigan,lakemichigan,5.5
"Grey, J. et al.",2004,"The Utility of Carbon and Nitrogen Isotope Analyses to Trace Contributions from Fish Farms to the Receiving Communities of Freshwater Lakes: a Pilot Study in Esthwaite Water, UK",10.1023/B:HYDR.0000036144.49795.dd,Scotland,Scottish Highlands,57.272239,-4.487983,Loch Ness,4.25,Lake,Salmo trutta,Brown trout,phytoplankton,phytoplankton,13.5,7.6,2,3.74,3.4,loch ness,lochness,NA
"Jones, J. I. et al.",2003,"Combined stable isotope and gut contents analysis of food webs in plant?dominated, shallow lakes",10.1046/j.1365-2427.2003.01095.x,England,Norfolk,52.627033,0.461302,Stradsett Hall Lake,0.92,Lake,Esox lucius,Northern pike,Hydracarina,Water mites,17.91,12.27,2,3.66,3.4,stradsett hall lake,stradsetthalllake,166
"Jones, J. I. et al.",2003,"Combined stable isotope and gut contents analysis of food webs in plant?dominated, shallow lakes",10.1046/j.1365-2427.2003.01095.x,England,Norfolk,52.87026,0.983846,Gunthrope Hall Lake,0.23,Lake,Esox lucius,Northern pike,Eurycercus,Eurycercus,16.66,11.02,2,3.66,3.4,gunthrope hall lake,gunthropehalllake,65
"Jones, J. I. et al.",2003,"Combined stable isotope and gut contents analysis of food webs in plant?dominated, shallow lakes",10.1046/j.1365-2427.2003.01095.x,England,Norfolk,52.922307000000004,1.044767,Bayfield Hall Lake,0.43,Lake,Esox lucius,Northern pike,Eurycercus,Eurycercus,16.65,10.12,2,3.92,3.4,bayfield hall lake,bayfieldhalllake,241
"Jones, J. I. et al.",2003,"Combined stable isotope and gut contents analysis of food webs in plant?dominated, shallow lakes",10.1046/j.1365-2427.2003.01095.x,England,Norfolk,NA,NA,Bluestone Plantation Lake,0.56,Lake,Scardinius erythrophthalmus,Rudd,Bithynia tentaculata,faucet snail,17.33,14.02,2,2.97,3.4,bluestone plantation lake,bluestoneplantationlake,41
"Grey, J. et al.",2004,Ferox Trout (Salmo trutta) as `Russian dolls': complementary gut content and stable isotope analyses of the Loch Ness foodweb,10.1046/j.1365-2427.2002.00838.x,England,Ambleside,54.358132,-2.984312,Esthwaite Water,2,Lake,Rutilus rutilus,Common roach,NA,NA,12.6,7.75,2,3.43,3.4,esthwaite water,esthwaitewater,NA
"Lake, J. L. et al.",2001,Stable nitrogen isotopes as indicators of anthropogenic activities in small freshwater systems,10.1139/cjfas-58-5-870,USA,Rhode Island,41.793639,-71.433571,Mashapaug Pond,1.43,Lake,Micropterus salmoides,Largemouth bass,Elliptio complanata,Unionid mussels,11.4,8.8,2,2.76,3.4,mashapaug pond,mashapaugpond,NA
"Lake, J. L. et al.",2001,Stable nitrogen isotopes as indicators of anthropogenic activities in small freshwater systems,10.1139/cjfas-58-5-870,USA,Rhode Island,41.422312,-71.553253,Tucker Pond,1.58,Lake,Micropterus salmoides,Largemouth bass,Elliptio complanata,Unionid mussels,11.1,5.3,2,3.71,3.4,tucker pond,tuckerpond,NA
"Lake, J. L. et al.",2001,Stable nitrogen isotopes as indicators of anthropogenic activities in small freshwater systems,10.1139/cjfas-58-5-870,USA,Rhode Island,41.653811,-71.589836,Michnock Lake,1.29,Lake,Esox niger,Chain pickerel,Elliptio complanata,Unionid mussels,15,9.1,2,3.74,3.4,michnock lake,michnocklake,NA
"Lake, J. L. et al.",2001,Stable nitrogen isotopes as indicators of anthropogenic activities in small freshwater systems,10.1139/cjfas-58-5-870,USA,Rhode Island,41.768151,-71.477307,Meshanticut Pond,0.65,Lake,Micropterus salmoides,Largemouth bass,Elliptio complanata,Unionid mussels,15.4,8.8,2,3.94,3.4,meshanticut pond,meshanticutpond,NA
"Lake, J. L. et al.",2001,Stable nitrogen isotopes as indicators of anthropogenic activities in small freshwater systems,10.1139/cjfas-58-5-870,USA,Rhode Island,41.67788,-71.550206,Tiogue Lake,1.94,Lake,Micropterus salmoides,Largemouth bass,Elliptio complanata,Unionid mussels,18.8,12,2,4,3.4,tiogue lake,tioguelake,NA
"Lake, J. L. et al.",2001,Stable nitrogen isotopes as indicators of anthropogenic activities in small freshwater systems,10.1139/cjfas-58-5-870,USA,Rhode Island,41.470102,-71.557885,Larkin Pond,1.25,Lake,Micropterus salmoides,Largemouth bass,Elliptio complanata,Unionid mussels,15.5,8.5,2,4.06,3.4,larkin pond,larkinpond,NA
"Lake, J. L. et al.",2001,Stable nitrogen isotopes as indicators of anthropogenic activities in small freshwater systems,10.1139/cjfas-58-5-870,USA,Rhode Island,41.679333,-71.677832,Quidnick Resevoir,1.86,Lake,Micropterus salmoides,Largemouth bass,Elliptio complanata,Unionid mussels,12,4.9,2,4.09,3.4,quidnick resevoir,quidnickresevoir,NA
"Lake, J. L. et al.",2001,Stable nitrogen isotopes as indicators of anthropogenic activities in small freshwater systems,10.1139/cjfas-58-5-870,USA,Rhode Island,41.500218,-71.542428,Hundred Acre Pond,1.53,Lake,Micropterus salmoides,Largemouth bass,Elliptio complanata,Unionid mussels,15.9,8.8,2,4.09,3.4,hundred acre pond,hundredacrepond,NA
"Lake, J. L. et al.",2001,Stable nitrogen isotopes as indicators of anthropogenic activities in small freshwater systems,10.1139/cjfas-58-5-870,USA,Rhode Island,41.828165,-71.542597,Oak Swamp Resevoir,1.63,Lake,Micropterus salmoides,Largemouth bass,Elliptio complanata,Unionid mussels,15.1,7.8,2,4.15,3.4,oak swamp resevoir,oakswampresevoir,NA
"Lake, J. L. et al.",2001,Stable nitrogen isotopes as indicators of anthropogenic activities in small freshwater systems,10.1139/cjfas-58-5-870,USA,Rhode Island,41.752672,-71.548998,J.L. Curran Upper Resevoir,1.05,Lake,Micropterus salmoides,Largemouth bass,Elliptio complanata,Unionid mussels,15.8,8.3,2,4.21,3.4,j.l. curran upper resevoir,j.l.curranupperresevoir,NA
"Lake, J. L. et al.",2001,Stable nitrogen isotopes as indicators of anthropogenic activities in small freshwater systems,10.1139/cjfas-58-5-870,USA,Rhode Island,41.511143,-71.572736,Yawgoo Pond,1.82,Lake,Micropterus salmoides,Largemouth bass,Elliptio complanata,Unionid mussels,13.9,6.1,2,4.29,3.4,yawgoo pond,yawgoopond,NA
"Tatrai, I. et al.",1999,"Stable isotope analysis of food webs in wetland areas of Lake Balaton, Hungary",10.1127/archiv-hydrobiol/146/1999/117,Hungary,Somogy,46.83074,17.723934,Lake Balaton,4.77,Lake,Sander lucioperca,Zander,benthic invertebrates,benthic invertebrates,13.39,6.84,2,3.93,3.4,lake balaton,lakebalaton,NA
"Black, A. R. et al.",2003,Carbon and nitrogen stable isotope assessment of the Lake Roosevelt aquatic food web,NA,USA,Washington,48.100127,-118.244555,Lake Roosevelt,4.39,Lake,Lota lota,Burbot,NA,NA,12.24,5.84,2,3.88,3.4,lake roosevelt,lakeroosevelt,6
"Toda, H. et al.",1990,"Use of 15N/14N rations to evaluate the food source of the mysid,Neomysis intermedia Czerniawsky, in a eutrophic lake in Japan",10.1007/BF00012114,Japan,Kanto,36.037325,140.385948,Lake Kasumigaura,4.34,Lake,Goby,Goby,Zooplankton,zooplankton,15.1,10.23,2,3.43,3.4,lake kasumigaura,lakekasumigaura,50
"Herwig, B. R. et al.",2004,Trophic structure and energy flow in backwater lakes of two large floodplain rivers assessed using stable isotopes,10.1139/f03-139,USA,Illinois,42.116721,-90.159029,Savanna Bay,2.41,Lake,Morone chrysops,White bass,invertebrate consumers,invertebrate consumers,17.48,13.4,2,3.2,3.4,savanna bay,savannabay,NA
"Herwig, B. R. et al.",2004,Trophic structure and energy flow in backwater lakes of two large floodplain rivers assessed using stable isotopes,10.1139/f03-139,USA,Illinois,42.377028,-88.126343,Long Lake,1.46,Lake,Lepisosteus platostomus,Shortnose gar,invertebrate consumers,invertebrate consumers,16.44,11.54,2,3.44,3.4,long lake,longlake,NA
"Bunn, S. E. et al.",1993,What Sources of Organic Carbon Drive Food Webs in Billabongs? A Study Based on Stable Isotope Analysis,10.2307/4220504,Austrailia,NA,NA,NA,Tallandoon,0.3,Lake,Galaxias rostratus,Flathead galaxias,Gastropoda,Snails,8.99,3.15,2,3.72,3.4,tallandoon,tallandoon,NA
"Bunn, S. E. et al.",1993,What Sources of Organic Carbon Drive Food Webs in Billabongs? A Study Based on Stable Isotope Analysis,10.2307/4220504,Austrailia,NA,NA,NA,Ryan's 1,0.54,Lake,Gambusia,Mosquitofish,Gastropoda,Snails,9.2,5.9,2,2.97,3.4,ryan's 1,ryan's1,350
"Bunn, S. E. et al.",1993,What Sources of Organic Carbon Drive Food Webs in Billabongs? A Study Based on Stable Isotope Analysis,10.2307/4220504,Austrailia,NA,NA,NA,Ryan's 2,0.95,Lake,Gudgeons,Gudgeons,Gastropoda,Snails,8.6,5,2,3.06,3.4,ryan's 2,ryan's2,NA
"Saito, L. et al.",2001,Assessing Ecosystem Effects of Reservoir Operations Using Food Web–Energy Transfer and Water Quality Models,10.1007/s100210000062,USA,California,40.754871,-122.341744,Shasta Lake,4.87,Lake,Oncorhynchus tshawytscha,Chinook salmon,Zooplankton,Zooplankton,11.85,4.4,2,4.19,3.4,shasta lake,shastalake,NA
"Gu, B. et al.",1996,Stable isotopes of carbon and nitrogen as indicators of diet and trophic structure of the fish community in a shallow hypereutrophic lake,10.1111/j.1095-8649.1996.tb01792.x,USA,Florida,28.62096,-81.628843,Lake Apopka,4.09,Lake,Lepisosteus platrhynchus,Florida gar,NA,NA,13.9,7.2,2,3.97,3.4,lake apopka,lakeapopka,210
"Campbell, L. M. et al.",2003,"Stable Isotope Analyses of Food Web Structure and Fish Diet in Napoleon and Winam Gulfs, Lake Victoria, East Africa",10.1016/S0380-1330(03)70552-8,Tanzania,NA,-1.034678,32.824615,Lake Victoria,6.83,Lake,Lates nilotica,Nile perch,Ephemeroptera,Mayfly(nymphs),12.31,6.98,2,3.57,3.4,lake victoria,lakevictoria,NA
"Wantzen, K. M. et al.",2002,"Seasonal isotopic shifts in fish of the Pantanal wetland, Brazil",10.1007/PL00013196,Brazil,NA,-3.022765,-44.905911,Lake Coqueiro,NA,Lake,Roeboides paranensis,Parana scale-eating characin,Aquatic Macrophytes,Aquatic Macrophytes,12.18,9.19,2,2.88,3.4,lake coqueiro,lakecoqueiro,237
"Xu, J. et al.",2004,Studies on the Food Web Structure of Lake Donghu Using Stable Carbon and Nitrogen Isotope Ratios,10.1080/02705060.2004.9664746,China,Wuhan,30.554565,114.37891,Lake Donghu,3.51,Lake,Aristichthys nobilis,Bighead carp,Branchiura sowerbyi,aquatic oligochaete worm,11.4,7.91,2,3.03,3.4,lake donghu,lakedonghu,402
"Vander Zanden, M. J. et al.",2003,Historical Food Web Structure and Restoration of Native Aquatic Communities in the Lake Tahoe (California–Nevada) Basin,10.1007/s10021-002-0204-7,USA,California,39.092996,-120.021638,Lake Tahoe,4.7,Lake,Salmo trutta,Brown trout,NA,NA,NA,NA,NA,3.55,3.4,lake tahoe,laketahoe,NA
"Vander Zanden, M. J. et al.",2003,Historical Food Web Structure and Restoration of Native Aquatic Communities in the Lake Tahoe (California–Nevada) Basin,10.1007/s10021-002-0204-7,USA,California,38.940057,-120.092166,Cascade Lake,1.93,Lake,Salmo trutta,Brown trout,NA,NA,NA,NA,NA,3.8,3.4,cascade lake,cascadelake,NA
"Kline, T. C. et al.",1993,"Recycling of elements transported upstream by runs of pacific salmon.2. delta-N-15 and delta-C-13 evidence in the Kvichak River watershed, Bristol Bay, southwestern Alaska",NA,USA,Alaska,59.552447,-155.097954,Lliamna Lake,5.4,Lake,Oncorhynchus mykiss,Rainbow trout,NA,NA,13.6,7.55,2,3.78,3.4,lliamna lake,lliamnalake,NA
"Kline, T. C. et al.",1993,"Recycling of elements transported upstream by runs of pacific salmon.2. delta-N-15 and delta-C-13 evidence in the Kvichak River watershed, Bristol Bay, southwestern Alaska",NA,USA,Alaska,NA,NA,Control Lake,1.6,Lake,Salvelinus malma,Dolly Varden trout,NA,NA,9.2,3.15,2,3.78,3.4,control lake,controllake,NA
"Hecky, R. E. et al.",1995,Contributions of Benthic Algae to Lake Food Webs as Revealed by Stable Isotope Analysis,10.2307/1467546,NA,NA,NA,NA,Lake 373,1.43,Lake,Salvelinus namaycush,Lake trout,Zooplankton,Zooplankton,9.8,4.23,2,3.64,3.4,lake 373,lake373,4.96
"Hecky, R. E. et al.",1995,Contributions of Benthic Algae to Lake Food Webs as Revealed by Stable Isotope Analysis,10.2307/1467546,NA,NA,NA,NA,Lake 240,1.64,Lake,Esox lucius,Northern pike,Zooplankton,Zooplankton,9.91,2.55,2,4.16,3.4,lake 240,lake240,NA
"Hecky, R. E. et al.",1995,Contributions of Benthic Algae to Lake Food Webs as Revealed by Stable Isotope Analysis,10.2307/1467546,Malawi,NA,-11.276985,34.521493,Lake Malawi,6.46,Lake,Rhamphochromis ferox,NA,Epilithon,Epilithon,9.55,-0.65,2,5,3.4,lake malawi,lakemalawi,NA
"Hecky, R. E. et al.",1995,Contributions of Benthic Algae to Lake Food Webs as Revealed by Stable Isotope Analysis,10.2307/1467546,Uganda,NA,1.497138,32.944445,Kyoga Lake,5.43,Lake,Rastrineobola argentea,Silver cyprinid,Caridina niloticus,Lake shrimp,9.14,3.04,2,3.79,3.4,kyoga lake,kyogalake,NA
"Hecky, R. E. et al.",1995,Contributions of Benthic Algae to Lake Food Webs as Revealed by Stable Isotope Analysis,10.2307/1467546,Canada,NA,NA,NA,Big,2.92,Lake,Stenodus leucichthys,Beloribitsa,Valvata sincera helicoidea,Northern Valve Snail,11.32,3.64,2,4.26,3.4,big,big,NA
"Hecky, R. E. et al.",1995,Contributions of Benthic Algae to Lake Food Webs as Revealed by Stable Isotope Analysis,10.2307/1467546,Canada,NA,NA,NA,South,1.66,Lake,Coregonus clupeaformis,Lake whitehead,Valvata sincera helicoidea,Northern Valve Snail,7.67,3.34,2,3.27,3.4,south,south,NA
"Hecky, R. E. et al.",1995,Contributions of Benthic Algae to Lake Food Webs as Revealed by Stable Isotope Analysis,10.2307/1467546,Canada,Inuvik,NA,NA,Lake 18,2.46,Lake,Esox lucius,Northern pike,Amphipoda,Amphipods,12.67,6.54,2,3.8,3.4,lake 18,lake18,22
"Hecky, R. E. et al.",1995,Contributions of Benthic Algae to Lake Food Webs as Revealed by Stable Isotope Analysis,10.2307/1467546,Canada,Ontario,47.950457,-79.744158,Skidoo,1.77,Lake,Stenodus leucichthys,Beloribitsa,Valvata sincera helicoidea,Northern Valve Snail,12.56,2.59,2,4.93,3.4,skidoo,skidoo,NA
"Fetzer, W. W.",NA,NA,NA,USA,Wisconsin,43.10801,-89.416865,Lake Mendota,3.6,Lake,Esox lucius,Northern pike,NA,NA,20.4,13.8,2,3.94,3.4,lake mendota,lakemendota,32
"Fetzer, W. W.",NA,NA,NA,USA,Wisconsin,43.069861,-89.35781,Lake Monona,3.12,Lake,Micropterus salmoides,Largemouth bass,NA,NA,16.96,9.82,2,4.1,3.4,lake monona,lakemonona,34
